site,S309_contact,S2H97_contact
332,0.24,0
333,1.4,0
334,3.3,0
335,2.2,0
336,0,0
337,1.7,0
339,3.1,0
340,26,0
341,0.05,0
343,14,0
344,5.5,0
345,8.9,0
346,0.39,0
353,0,1.567935568
354,0,0
355,0,5.006827946
356,4.1,0
357,1.7,2.893753177
358,0.02,0
359,1.1,0
360,0.21,0
361,0.19,0
393,0,1.817230346
394,0,1.681967246
396,0,3.268542607
426,0,3.42045194
427,0,4.041844841
428,0,6.553831125
429,0,1.755031249
430,0,0.614216082
440,0,0
441,0.13,0
462,0,10.36502098
463,0,4.194850632
464,0,6.441992365
466,0,2.730480548
509,0.59,0
514,0,2.304257249
515,0,0.966079563
516,0,6.735444514
518,0,8.340061601
519,0,10.2442112
520,0,9.985845718
521,0,5.070123501